"Data Source","World Development Indicators",

"Last Updated Date","2025-07-01",

"Country Name","Country Code","Indicator Name","Indicator Code","1960","1961","1962","1963","1964","1965","1966","1967","1968","1969","1970","1971","1972","1973","1974","1975","1976","1977","1978","1979","1980","1981","1982","1983","1984","1985","1986","1987","1988","1989","1990","1991","1992","1993","1994","1995","1996","1997","1998","1999","2000","2001","2002","2003","2004","2005","2006","2007","2008","2009","2010","2011","2012","2013","2014","2015","2016","2017","2018","2019","2020","2021","2022","2023","2024",
"Aruba","ABW","Pregnant women receiving prenatal care (%)","SH.STA.ANVC.ZS","","","","","","","","","","","","","","","","","","","","","","","","","","","","","","","","","","","","","","","","","","","","","","","","","","","","","","","","","","","","","","","","","",
"Africa Eastern and Southern","AFE","Pregnant women receiving prenatal care (%)","SH.STA.ANVC.ZS","","","","","","","","","","","","","","","","","","","","","","","","","","","","","","","","","","","","","","","","","68.0487983718941","","","","","","","","","","77.1580902702881","","","","","","","","","85.6266075841531","","","","","",
"Afghanistan","AFG","Pregnant women receiving prenatal care (%)","SH.STA.ANVC.ZS","","","","","","","","","","","","","","","","","","","","","","","","","","","","","","","","","","","","","","","","","36.9","","","16.1","","","30.3","","36","","59.6","47.9","51.2","","63.2","58.6","","70.2","65.2","","","","","","",
"Africa Western and Central","AFW","Pregnant women receiving prenatal care (%)","SH.STA.ANVC.ZS","","","","","","","","","","","","","","","","","","","","","","","","","","","","","","","59.5688821412471","","","","","","","","","","66.8996305052232","","","","","","","","","","68.3694469376144","","","","","","","","","77.240602300133","","","","","",
"Angola","AGO","Pregnant women receiving prenatal care (%)","SH.STA.ANVC.ZS","","","","","","","","","","","","","","","","","","","","","","","","","","","","","","","","","","","","","","","","","","65.6","","","","","","79.8","","","","75.7","","","","","81.6","","","","","","","","",
"Albania","ALB","Pregnant women receiving prenatal care (%)","SH.STA.ANVC.ZS","","","","","","","","","","","","","","","","","","","","","","","","","","","","","","","","","","","","","","","","","95.3","","90.6","","","97.1","","","","97.3","","","","","","","","","88.4","","","","","","",
"Andorra","AND","Pregnant women receiving prenatal care (%)","SH.STA.ANVC.ZS","","","","","","","","","","","","","","","","","","","","","","","","","","","","","","","","","","","","","","","","","","","","","","","","","","","","","","","","","","","","","","","","","",
"Arab World","ARB","Pregnant women receiving prenatal care (%)","SH.STA.ANVC.ZS","","","","","","","","","","","","","","","","","","","","","","","","","","","","","","","52.4655006497187","","","","","","","","","","64.2934396778301","","","","","","","","","","81.1274884713384","","","","","","","","","","","","","","",
"United Arab Emirates","ARE","Pregnant women receiving prenatal care (%)","SH.STA.ANVC.ZS","","","","","","","","","","","","","","","","","","","","","","","","","","","","","","","","","","","","96.8","","","","","","","","","","","","100","","","","","","","","","","","","","","","","","",
"Argentina","ARG","Pregnant women receiving prenatal care (%)","SH.STA.ANVC.ZS","","","","","","","","","","","","","","","","","","","","","","","","","","","","","","","","","","95","","","","","","","","97.5","","","","99.2","","","","","","","98.1","","","","","","","","95","","","","",
"Armenia","ARM","Pregnant women receiving prenatal care (%)","SH.STA.ANVC.ZS","","","","","","","","","","","","","","","","","","","","","","","","","","","","","","","","","","","","","","82","","","92.4","","","","","93","","","","","99.1","","","","","","99.6","","","","","","","","",
"American Samoa","ASM","Pregnant women receiving prenatal care (%)","SH.STA.ANVC.ZS","","","","","","","","","","","","","","","","","","","","","","","","","","","","","","","","","","","","","","","","","","","","","","","","","","","","","","","","","","","","","","","","","",
"Antigua and Barbuda","ATG","Pregnant women receiving prenatal care (%)","SH.STA.ANVC.ZS","","","","","","","","","","","","","","","","","","","","","","","","","","","","","","","","","","","","","","","82","","99.9","","92","","100","99.9","","100","100","","","","","","","","","","","","","","","","",
"Australia","AUS","Pregnant women receiving prenatal care (%)","SH.STA.ANVC.ZS","","","","","","","","","","","","","","","","","","","","","","","","","","","","","","","","100","","","","","","","","","","","","","","","","","98.3","","","","","","","","","","","","","","","","",
"Austria","AUT","Pregnant women receiving prenatal care (%)","SH.STA.ANVC.ZS","","","","","","","","","","","","","","","","","","","","","","","","","","","","","","","","","","100","","","","","","","","","","","","","","","","","","","","","","","","","","","","","","","",
"Azerbaijan","AZE","Pregnant women receiving prenatal care (%)","SH.STA.ANVC.ZS","","","","","","","","","","","","","","","","","","","","","","","","","","","","","","","","","","","","","","98.3","","","66","70","","","","","76.9","","","","","91.7","","","","","","","","","","","","","",
"Burundi","BDI","Pregnant women receiving prenatal care (%)","SH.STA.ANVC.ZS","","","","","","","","","","","","","","","","","","","","","","","","","","","","79","","","","","","","","","","","","","78","","","","","92.4","","","","","98.9","","96","","","","","99.2","","","","","","","",
"Belgium","BEL","Pregnant women receiving prenatal care (%)","SH.STA.ANVC.ZS","","","","","","","","","","","","","","","","","","","","","","","","","","","","","","","","","","","","","","","","","","","","","","","","","","","","","","","","","","","","","","","","","",
"Benin","BEN","Pregnant women receiving prenatal care (%)","SH.STA.ANVC.ZS","","","","","","","","","","","","","","","","","","","","","","","","","","","","","","","","","","","","","77.8","","","","","81.1","","","","","84.1","","","","","","83.5","","82.8","","","","83.2","","","","","","",
"Burkina Faso","BFA","Pregnant women receiving prenatal care (%)","SH.STA.ANVC.ZS","","","","","","","","","","","","","","","","","","","","","","","","","","","","","","","","","","60","","","","","","63","","","","73.4","","","85","","","","94.3","","","","96.6","92.8","","","80.2","","","","","","",
"Bangladesh","BGD","Pregnant women receiving prenatal care (%)","SH.STA.ANVC.ZS","","","","","","","","","","","","","","","","","","","","","","","","","","","","","","","","","","","25.7","","","22.6","","","33.3","39.8","","39.7","48.7","","47.7","51.7","","","52.8","54.6","","58.7","63.9","","","","81.9","75.2","","","","","",
"Bulgaria","BGR","Pregnant women receiving prenatal care (%)","SH.STA.ANVC.ZS","","","","","","","","","","","","","","","","","","","","","","","","","","","","","","","","","","","","","","","","","","","","","","","","","","","","","","","","","","","","","","","","","",
"Bahrain","BHR","Pregnant women receiving prenatal care (%)","SH.STA.ANVC.ZS","","","","","","","","","","","","","","","","","","","","","","","","","","","","","","","","","","","","97.1","","","","","","","","","","","","100","","","","","","","","","","","","","","","","","",
"Bahamas, The","BHS","Pregnant women receiving prenatal care (%)","SH.STA.ANVC.ZS","","","","","","","","","","","","","","","","","","","","","","","","","","","","","","","","","","","","","","","","87","","","","","","","98","98","","","","","","","","","","","","","","","","","",
"Bosnia and Herzegovina","BIH","Pregnant women receiving prenatal care (%)","SH.STA.ANVC.ZS","","","","","","","","","","","","","","","","","","","","","","","","","","","","","","","","","","","","","","","","","99.2","","","","","","98.9","","","","","","87","","","","","","","","","","","","",
"Belarus","BLR","Pregnant women receiving prenatal care (%)","SH.STA.ANVC.ZS","","","","","","","","","","","","","","","","","","","","","","","","","","","","","","","","","","","","","","","","99.9","","","","","","99.4","","","","","","","99.7","","","","","","","99.9","","","","","",
"Belize","BLZ","Pregnant women receiving prenatal care (%)","SH.STA.ANVC.ZS","","","","","","","","","","","","","","","","","","","","","","","","","","","","","","","","96","","","","","","","98","95.9","100","","98","","","94","94","","","","","96.2","","","","","97.2","","","","","","","","",
"Bermuda","BMU","Pregnant women receiving prenatal care (%)","SH.STA.ANVC.ZS","","","","","","","","","","","","","","","","","","","","","","","","","","","","","","","","","","","","","","","","","","","","","","","","","","","","","","","","","","","","","","","","","",
"Bolivia","BOL","Pregnant women receiving prenatal care (%)","SH.STA.ANVC.ZS","","","","","","","","","","","","","","","","","","","","","","","","","","","","","","49.4","","","","","52.5","","","","71","","82.6","","","79","79.1","","","","85.8","","","","90.1","","","","95.6","","","","","","","","",
"Brazil","BRA","Pregnant women receiving prenatal care (%)","SH.STA.ANVC.ZS","","","","","","","","","","","","","","","","","","","","","","","","","","","74","","","","","","","","","","88.8","","","","","","","96.8","97.2","97.4","97.8","96.7","","98.2","","","","","","97.2","","","","","","","","","",
"Barbados","BRB","Pregnant women receiving prenatal care (%)","SH.STA.ANVC.ZS","","","","","","","","","","","","","","","","","","","","","","","","","","","","","","","100","","","","","","","","","89","","","","100","100","100","100","100","","","","","93.4","","","","","","","","","","","","",
"Brunei Darussalam","BRN","Pregnant women receiving prenatal care (%)","SH.STA.ANVC.ZS","","","","","","","","","","","","","","","","","","","","","","","","","","","","","","","","","","","100","","","","","","","","","","","","","","","99","","","","","","","","","","","","","","","",
"Bhutan","BTN","Pregnant women receiving prenatal care (%)","SH.STA.ANVC.ZS","","","","","","","","","","","","","","","","","","","","","","","","","","","","","","","","","","","","","","","","","51","","","","","","","88","","","97.3","","97.9","","","","","","","","","","","","",
"Botswana","BWA","Pregnant women receiving prenatal care (%)","SH.STA.ANVC.ZS","","","","","","","","","","","","","","","","","","","","","","","","","","","","","93","","","","","","","","","","","","96.8","","","","","","","94.1","","","","","","","","","","","","","","","","","",
"Central African Republic","CAF","Pregnant women receiving prenatal care (%)","SH.STA.ANVC.ZS","","","","","","","","","","","","","","","","","","","","","","","","","","","","","","","","","","","","66.9","","","","","62","","","","","","69.3","","","","68.2","","","","","","","","","51.8","","","","","",
"Canada","CAN","Pregnant women receiving prenatal care (%)","SH.STA.ANVC.ZS","","","","","","","","","","","","","","","","","","","","","","","","","","","","","","","","","","","","","","","","","","","","","","","","100","","","","","","","","","","","","","","","","","",
"Central Europe and the Baltics","CEB","Pregnant women receiving prenatal care (%)","SH.STA.ANVC.ZS","","","","","","","","","","","","","","","","","","","","","","","","","","","","","","","","","","","","","","","","","","","","","","","","","","","","","","","","","","","","","","","","","",
"Switzerland","CHE","Pregnant women receiving prenatal care (%)","SH.STA.ANVC.ZS","","","","","","","","","","","","","","","","","","","","","","","","","","","","","","","","","","","","","","","","","","","","","","","","","","","","","","","","","","","","","","","","","",
"Channel Islands","CHI","Pregnant women receiving prenatal care (%)","SH.STA.ANVC.ZS","","","","","","","","","","","","","","","","","","","","","","","","","","","","","","","","","","","","","","","","","","","","","","","","","","","","","","","","","","","","","","","","","",
"Chile","CHL","Pregnant women receiving prenatal care (%)","SH.STA.ANVC.ZS","","","","","","","","","","","","","","","","","","","","","","","","","","","","","","","","","","95","","","","","","","","","","","","","","","","","","","","","","","","","","","","","","","",
"China","CHN","Pregnant women receiving prenatal care (%)","SH.STA.ANVC.ZS","","","","","","","","","","","","","","","","","","","","","","","","","","","","","","","","","69.7","72.2","76.3","78.7","83.7","85.9","87.1","89.3","89.4","90.3","90.1","88.9","89.7","89.8","89.7","90.9","91","92.2","94.1","93.7","95","95.6","96.2","96.5","96.6","","99.6","","","","","","",
"Cote d'Ivoire","CIV","Pregnant women receiving prenatal care (%)","SH.STA.ANVC.ZS","","","","","","","","","","","","","","","","","","","","","","","","","","","","","","","","","","","83.2","","","","","85.5","87.6","","","","","87.3","84.8","","","","","","90.6","","","","93.2","","","","","","","","",
"Cameroon","CMR","Pregnant women receiving prenatal care (%)","SH.STA.ANVC.ZS","","","","","","","","","","","","","","","","","","","","","","","","","","","","","","","","78.2","","","","","","","78.8","","75.3","","","","83.3","","82","","","","","84.7","","","82.8","","","","87","","","","","","",
"Congo, Dem. Rep.","COD","Pregnant women receiving prenatal care (%)","SH.STA.ANVC.ZS","","","","","","","","","","","","","","","","","","","","","","","","","","","","","","","","","","","","","","","","","","68.2","","","","","","85.3","","","87.3","","","","88.4","","","","82.4","","","","","","",
"Congo, Rep.","COG","Pregnant women receiving prenatal care (%)","SH.STA.ANVC.ZS","","","","","","","","","","","","","","","","","","","","","","","","","","","","","","","","","","","","","","","","","","","","","","85.8","","","","","","","92.6","","","93.5","","","","","","","","","",
"Colombia","COL","Pregnant women receiving prenatal care (%)","SH.STA.ANVC.ZS","","","","","","","","","","","","","","","","","","","","","","","","","","","76.6","","","","84.3","","","","","85.8","","","","","90.8","","","","93.5","93.5","","","","","97","","","","","97.5","97.2","","","","","","","","",
"Comoros","COM","Pregnant women receiving prenatal care (%)","SH.STA.ANVC.ZS","","","","","","","","","","","","","","","","","","","","","","","","","","","","","","","","","","","","","84.5","","","","74.3","","","","75","","","","","","","","92.1","","","","","","","","","","","","",
"Cabo Verde","CPV","Pregnant women receiving prenatal care (%)","SH.STA.ANVC.ZS","","","","","","","","","","","","","","","","","","","","","","","","","","","","","","","","","","","","","","","99.3","","","","","","","97.6","","","","","","","","","","","","","98.8","","","","","","",
"Costa Rica","CRI","Pregnant women receiving prenatal care (%)","SH.STA.ANVC.ZS","","","","","","","","","","","","","","","","","","","","","","","","","","","","","","","","","95","","","","","","70.6","69.6","","","","","91.7","","91.7","","89.9","","","98.1","","","","","","","97.6","","","","","","",
"Caribbean small states","CSS","Pregnant women receiving prenatal care (%)","SH.STA.ANVC.ZS","","","","","","","","","","","","","","","","","","","","","","","","","","","","","","","","","","","","","","","","","88.2067307569711","","","","","","","","","","93.975281352354","","","","","","","","","","","","","","",
"Cuba","CUB","Pregnant women receiving prenatal care (%)","SH.STA.ANVC.ZS","","","","","","","","","","","","","","","","","","","","","","","","","","","","","","","","","","","","","","","100","","100","","","","100","100","","100","","100","100","100","100","","98.5","","","","","99.1","","","","","",
"Curacao","CUW","Pregnant women receiving prenatal care (%)","SH.STA.ANVC.ZS","","","","","","","","","","","","","","","","","","","","","","","","","","","","","","","","","","","","","","","","","","","","","","","","","","","","","","","","","","","","","","","","","",
"Cayman Islands","CYM","Pregnant women receiving prenatal care (%)","SH.STA.ANVC.ZS","","","","","","","","","","","","","","","","","","","","","","","","","","","","","","","","","","","","","","","","","","","","","","","","","","","","","","","","","","","","","","","","","",
"Cyprus","CYP","Pregnant women receiving prenatal care (%)","SH.STA.ANVC.ZS","","","","","","","","","","","","","","","","","","","","","","","","","","","","","","","","","","","","","","","","","","","","","","","","99.2","","","","","","","","","","","","","","","","","",
"Czechia","CZE","Pregnant women receiving prenatal care (%)","SH.STA.ANVC.ZS","","","","","","","","","","","","","","","","","","","","","","","","","","","","","","","","","","99","","","","","","","","","","","","","","","","","","","","","","","","","","","","","","","",
"Germany","DEU","Pregnant women receiving prenatal care (%)","SH.STA.ANVC.ZS","","","","","","","","","","","","","","","","","","","","","","","","","","","","","","","","","","","","","","","","","","","","","100","","","","","","","","","","","","","","","","","","","","",
"Djibouti","DJI","Pregnant women receiving prenatal care (%)","SH.STA.ANVC.ZS","","","","","","","","","","","","","","","","","","","","","","","","","","","","","","","","","","","","","","","","","","","","67","","","92.3","","","","","","87.7","","","","","","","","","","","","",
"Dominica","DMA","Pregnant women receiving prenatal care (%)","SH.STA.ANVC.ZS","","","","","","","","","","","","","","","","","","","","","","","","","","","","","","","90","","","","","","","","","99.9","","100","","100","100","100","","100","100","","","","","","","","","","","","","","","","",
"Denmark","DNK","Pregnant women receiving prenatal care (%)","SH.STA.ANVC.ZS","","","","","","","","","","","","","","","","","","","","","","","","","","","","","","","","","","","","","","","","","","","","","","","","","","","","","","","","","","","","","","","","","",
"Dominican Republic","DOM","Pregnant women receiving prenatal care (%)","SH.STA.ANVC.ZS","","","","","","","","","","","","","","","","","","","","","","","","","","","95.7","","","","","97.4","","","","","98.6","","","99.2","97.8","","98.5","","","","97","98.9","","","","","","99.3","98","","","","","98","","","","","",
"Algeria","DZA","Pregnant women receiving prenatal care (%)","SH.STA.ANVC.ZS","","","","","","","","","","","","","","","","","","","","","","","","","","","","","","","","","58","","","","","","","","79","","80.7","","","","89.4","","","","","","92.7","92.7","","","","","","95.3","","","","","",
"East Asia & Pacific (excluding high income)","EAP","Pregnant women receiving prenatal care (%)","SH.STA.ANVC.ZS","","","","","","","","","","","","","","","","","","","","","","","","","","","","","","","70.6524917404783","","","","","","","","","","86.5632043854786","","","","","","","","","","93.6005615088517","","","","","","","","","97.4697082052845","","","","","",
"Early-demographic dividend","EAR","Pregnant women receiving prenatal care (%)","SH.STA.ANVC.ZS","","","","","","","","","","","","","","","","","","","","","","","","","","","","","","","","","","","","","","","","","62.6028667876884","","","","","","","","","","","","","","","","","","","87.3159408845141","","","","","",
"East Asia & Pacific","EAS","Pregnant women receiving prenatal care (%)","SH.STA.ANVC.ZS","","","","","","","","","","","","","","","","","","","","","","","","","","","","","","","70.8860238649943","","","","","","","","","","86.5632043854786","","","","","","","","","","93.6480252014611","","","","","","","","","97.4697082052845","","","","","",
"Europe & Central Asia (excluding high income)","ECA","Pregnant women receiving prenatal care (%)","SH.STA.ANVC.ZS","","","","","","","","","","","","","","","","","","","","","","","","","","","","","","","","","","","","","","","","","81.4517334528115","","","","","","","","","","95.3795110135593","","","","","","","","","","","","","","",
"Europe & Central Asia","ECS","Pregnant women receiving prenatal care (%)","SH.STA.ANVC.ZS","","","","","","","","","","","","","","","","","","","","","","","","","","","","","","","","","","","","","","","","","","","","","","","","","","","","","","","","","","","","","","","","","",
"Ecuador","ECU","Pregnant women receiving prenatal care (%)","SH.STA.ANVC.ZS","","","","","","","","","","","","","","","","","","","","","","","","","76.2","","","72.5","","","","","","","74.7","","","","68.8","","","","","","84.2","","","","","","","","","","","","","","","","","","","","",
"Egypt, Arab Rep.","EGY","Pregnant women receiving prenatal care (%)","SH.STA.ANVC.ZS","","","","","","","","","","","","","","","","","","","","","","","","","","","","","57","","","52.1","57.1","52.9","","42.5","39.1","52","47.2","","52.9","","","68.7","","69.6","","","73.6","","","","","","90.3","","","","","","","","","","",
"Euro area","EMU","Pregnant women receiving prenatal care (%)","SH.STA.ANVC.ZS","","","","","","","","","","","","","","","","","","","","","","","","","","","","","","","","","","","","","","","","","","","","","","","","","","","","","","","","","","","","","","","","","",
"Eritrea","ERI","Pregnant women receiving prenatal care (%)","SH.STA.ANVC.ZS","","","","","","","","","","","","","","","","","","","","","","","","","","","","","","","","","","","","48.9","48.9","","","","","","70.3","","","","","","","","88.5","","","","","","","","","","","","","","",
"Spain","ESP","Pregnant women receiving prenatal care (%)","SH.STA.ANVC.ZS","","","","","","","","","","","","","","","","","","","","","","","","","","","","","","","","","","","","","","","","","","","","","","","","","","","","","","","","","","","","","","","","","",
"Estonia","EST","Pregnant women receiving prenatal care (%)","SH.STA.ANVC.ZS","","","","","","","","","","","","","","","","","","","","","","","","","","","","","","","","","","","","","","","","","","","","","","","","","","","","","","","","","","","","","","","","","",
"Ethiopia","ETH","Pregnant women receiving prenatal care (%)","SH.STA.ANVC.ZS","","","","","","","","","","","","","","","","","","","","","","","","","","","","","","","","","","","","","","","","","26.7","","","","","27.6","","","","","","33.9","","","41.2","","62.4","","","73.6","","","","","",
"European Union","EUU","Pregnant women receiving prenatal care (%)","SH.STA.ANVC.ZS","","","","","","","","","","","","","","","","","","","","","","","","","","","","","","","","","","","","","","","","","","","","","","","","","","","","","","","","","","","","","","","","","",
"Fragile and conflict affected situations","FCS","Pregnant women receiving prenatal care (%)","SH.STA.ANVC.ZS","","","","","","","","","","","","","","","","","","","","","","","","","","","","","","","","","","","","","","","","","59.6217773321399","","","","","","","","","","66.6327002190887","","","","","","","","","75.5373262916388","","","","","",
"Finland","FIN","Pregnant women receiving prenatal care (%)","SH.STA.ANVC.ZS","","","","","","","","","","","","","","","","","","","","","","","","","","","","","","","","","","100","","","","","","","","","","","99.8","","","","","","","","","","","","","","","","","","","","",
"Fiji","FJI","Pregnant women receiving prenatal care (%)","SH.STA.ANVC.ZS","","","","","","","","","","","","","","","","","","","","","","","","","","","","","","","","","","","","","","","","","","","","","","","","","100","","","","","","","","","","","","","97.7","","","",
"France","FRA","Pregnant women receiving prenatal care (%)","SH.STA.ANVC.ZS","","","","","","","","","","","","","","","","","","","","","","","","","","","","","","","","","","99","","","","","","","","","","","99.8","","","","","","","","","","","","","","","","","","","","",
"Faroe Islands","FRO","Pregnant women receiving prenatal care (%)","SH.STA.ANVC.ZS","","","","","","","","","","","","","","","","","","","","","","","","","","","","","","","","","","","","","","","","","","","","","","","","","","","","","","","","","","","","","","","","","",
"Micronesia, Fed. Sts.","FSM","Pregnant women receiving prenatal care (%)","SH.STA.ANVC.ZS","","","","","","","","","","","","","","","","","","","","","","","","","","","","","","","","","","","","","","","","","","","","","","","","","80","","","","","","","","","","","","","","","","",
"Gabon","GAB","Pregnant women receiving prenatal care (%)","SH.STA.ANVC.ZS","","","","","","","","","","","","","","","","","","","","","","","","","","","","","","","","","","","","","","","","","91.6","94.4","","","","","","","","","","","94.7","","","","","","","","","","","","",
"United Kingdom","GBR","Pregnant women receiving prenatal care (%)","SH.STA.ANVC.ZS","","","","","","","","","","","","","","","","","","","","","","","","","","","","","","","","","","","","","","","","","","","","","","","","","","","","","","","","","","","","","","","","","",
"Georgia","GEO","Pregnant women receiving prenatal care (%)","SH.STA.ANVC.ZS","","","","","","","","","","","","","","","","","","","","","","","","","","","","","","","","","","","","","","74","","95.3","","","","","","96.3","","","","","97.6","","","","","","","","","","","","","","",
"Ghana","GHA","Pregnant women receiving prenatal care (%)","SH.STA.ANVC.ZS","","","","","","","","","","","","","","","","","","","","","","","","","","","","","82.8","","","","","85.7","85.7","","","","88.7","87.5","","","","91.9","","","92.1","96.1","90.1","","","96.4","","","90.5","","97.5","97.6","97.1","97.4","","","","","",
"Gibraltar","GIB","Pregnant women receiving prenatal care (%)","SH.STA.ANVC.ZS","","","","","","","","","","","","","","","","","","","","","","","","","","","","","","","","","","","","","","","","","","","","","","","","","","","","","","","","","","","","","","","","","",
"Guinea","GIN","Pregnant women receiving prenatal care (%)","SH.STA.ANVC.ZS","","","","","","","","","","","","","","","","","","","","","","","","","","","","","","","","","57.6","","","","","","","73.5","","","","84.3","","82.2","","88.4","88.4","","","","85.2","","","","84.3","","80.9","","","","","","",
"Gambia, The","GMB","Pregnant women receiving prenatal care (%)","SH.STA.ANVC.ZS","","","","","","","","","","","","","","","","","","","","","","","","","","","","","","","","","","","","","","","","","90.7","","","","","","97.8","","","","98.1","","","86.2","","","","","99","","97.8","","","","",
"Guinea-Bissau","GNB","Pregnant women receiving prenatal care (%)","SH.STA.ANVC.ZS","","","","","","","","","","","","","","","","","","","","","","","","","","","","","","","","","","","","","","","","","62.1","","","","","","77.9","","","","92.6","","","","92.4","","","","","97","","","","","",
"Equatorial Guinea","GNQ","Pregnant women receiving prenatal care (%)","SH.STA.ANVC.ZS","","","","","","","","","","","","","","","","","","","","","","","","","","","","","","","","","","","37","","","","","","86.1","","","","","","","","","","","91.3","","","","","","","","","","","","","",
"Greece","GRC","Pregnant women receiving prenatal care (%)","SH.STA.ANVC.ZS","","","","","","","","","","","","","","","","","","","","","","","","","","","","","","","","","","","","","","","","","","","","","","","","","","","","","","","","","","","","","","","","","",
"Grenada","GRD","Pregnant women receiving prenatal care (%)","SH.STA.ANVC.ZS","","","","","","","","","","","","","","","","","","","","","","","","","","","","","","","100","","","","","","","","","98","","","99","99","","100","","100","","","","","","","","","","","","","","","","","",
"Greenland","GRL","Pregnant women receiving prenatal care (%)","SH.STA.ANVC.ZS","","","","","","","","","","","","","","","","","","","","","","","","","","","","","","","","","","","","","","","","","","","","","","","","","","","","","","","","","","","","","","","","","",
"Guatemala","GTM","Pregnant women receiving prenatal care (%)","SH.STA.ANVC.ZS","","","","","","","","","","","","","","","","","","","","","","","","","","","","37.9","","","","","","","","56","","","","64.1","","","84.3","","","","","","","93.2","","","","","","91.3","","","","","","","","","",
"Guam","GUM","Pregnant women receiving prenatal care (%)","SH.STA.ANVC.ZS","","","","","","","","","","","","","","","","","","","","","","","","","","","","","","","","","","","","","","","","","","","","","","","","","","","","","","","","","","","","","","","","","",
"Guyana","GUY","Pregnant women receiving prenatal care (%)","SH.STA.ANVC.ZS","","","","","","","","","","","","","","","","","","","","","","","","","","","","","","","","","","","","","","","90","","80.9","95.3","","90","","90.5","","81.4","","92.1","","","","","90.7","","","","","","89.2","","","","",
"High income","HIC","Pregnant women receiving prenatal care (%)","SH.STA.ANVC.ZS","","","","","","","","","","","","","","","","","","","","","","","","","","","","","","","","","","","","","","","","","","","","","","","","","","","","","","","","","","","","","","","","","",
"Hong Kong SAR, China","HKG","Pregnant women receiving prenatal care (%)","SH.STA.ANVC.ZS","","","","","","","","","","","","","","","","","","","","","","","","","","","","","","","","","","","","","","","","","","","","","","","","","","","","","","","","","","","","","","","","","",
"Honduras","HND","Pregnant women receiving prenatal care (%)","SH.STA.ANVC.ZS","","","","","","","","","","","","","","","","","","","","","","","","","","","","86.1","","","","","87.8","","","","84.2","","","","","82.6","","","","","91.7","","","","","","96.6","","","","","","","96.1","","","","","",
"Heavily indebted poor countries (HIPC)","HPC","Pregnant women receiving prenatal care (%)","SH.STA.ANVC.ZS","","","","","","","","","","","","","","","","","","","","","","","","","","","","","","","","","","","","","","","","","65.1145817257678","","","","","","","","","","76.849049504569","","","","","","","","","84.369763766873","","","","","",
"Croatia","HRV","Pregnant women receiving prenatal care (%)","SH.STA.ANVC.ZS","","","","","","","","","","","","","","","","","","","","","","","","","","","","","","","","","","","","","","","","","","","","","","","","","","","","","","","","","","","","","","","","","",
"Haiti","HTI","Pregnant women receiving prenatal care (%)","SH.STA.ANVC.ZS","","","","","","","","","","","","","","","","","","","","","","","","","","","","","","71","","","","","","69.6","","","","","78.8","","","","","","84.5","","","","","","90.3","","","","","91","","","","","","","",
"Hungary","HUN","Pregnant women receiving prenatal care (%)","SH.STA.ANVC.ZS","","","","","","","","","","","","","","","","","","","","","","","","","","","","","","","","","","","","","","","","","","","","","","","","","","","","","","","","","","","","","","","","","",
"IBRD only","IBD","Pregnant women receiving prenatal care (%)","SH.STA.ANVC.ZS","","","","","","","","","","","","","","","","","","","","","","","","","","","","","","","","","","","","","","","","","75.059044482405","","","","","","","","","","","","","","","","","","","91.8217028116871","","","","","",
"IDA & IBRD total","IBT","Pregnant women receiving prenatal care (%)","SH.STA.ANVC.ZS","","","","","","","","","","","","","","","","","","","","","","","","","","","","","","","","","","","","","","","","","69.1529382584356","","","","","","","","","","81.2670622793315","","","","","","","","","87.5655686561714","","","","","",
"IDA total","IDA","Pregnant women receiving prenatal care (%)","SH.STA.ANVC.ZS","","","","","","","","","","","","","","","","","","","","","","","","","","","","","","","","","","","","","","","","","59.391494658892","","","","","","","","","","69.4146773419676","","","","","","","","","82.5080196168209","","","","","",
"IDA blend","IDB","Pregnant women receiving prenatal care (%)","SH.STA.ANVC.ZS","","","","","","","","","","","","","","","","","","","","","","","","","","","","","","","47.1480219107244","","","","","","","","","","60.830624642136","","","","","","","","","","63.6016308335476","","","","","","","","","81.3423517197965","","","","","",
"Indonesia","IDN","Pregnant women receiving prenatal care (%)","SH.STA.ANVC.ZS","","","","","","","","","","","","","","","","","","","","","","","","","","","","","","","","76.3","","","84.5","","","91","","","88.3","","","91.5","","88.6","90.38","93.3","92.65","94.51","92.7","","95.7","95.4","","","","97.5","","","","","","","",
"IDA only","IDX","Pregnant women receiving prenatal care (%)","SH.STA.ANVC.ZS","","","","","","","","","","","","","","","","","","","","","","","","","","","","","","","","","","","","","","","","","58.5860312596461","","","","","","","","","","73.0874669845073","","","","","","","","","83.1998915469785","","","","","",
"Isle of Man","IMN","Pregnant women receiving prenatal care (%)","SH.STA.ANVC.ZS","","","","","","","","","","","","","","","","","","","","","","","","","","","","","","","","","","","","","","","","","","","","","","","","","","","84.903397092","","","","","","","","","","","","","","",
"India","IND","Pregnant women receiving prenatal care (%)","SH.STA.ANVC.ZS","","","","","","","","","","","","","","","","","","","","","","","","","","","","","","","","","","61.9","","","","","","65.1","61.8","","","","","","74.2","","","","","","","","","","79.3","","","","","85.1","","","",
"Not classified","INX","Pregnant women receiving prenatal care (%)","SH.STA.ANVC.ZS","","","","","","","","","","","","","","","","","","","","","","","","","","","","","","","","","","","","","","","","","","","","","","","","","","","","","","","","","","","","","","","","","",
"Ireland","IRL","Pregnant women receiving prenatal care (%)","SH.STA.ANVC.ZS","","","","","","","","","","","","","","","","","","","","","","","","","","","","","","","","","","","","","","","","","","","","","99.5","","","","","","","","","","","","","","","","","","","","",
"Iran, Islamic Rep.","IRN","Pregnant women receiving prenatal care (%)","SH.STA.ANVC.ZS","","","","","","","","","","","","","","","","","","","","","","","","","","","","","","","","","","","","","","76.5","","","","","","","","98.3","","","","","96.9","","","","","","","","","","","","","","",
"Iraq","IRQ","Pregnant women receiving prenatal care (%)","SH.STA.ANVC.ZS","","","","","","","","","","","","","","","","","","","","","","","","","","","","","","","","","","","","","78","","","","76.7","","","","","","83.8","","","","","77.7","","","","","","","87.6","","","","","","",
"Iceland","ISL","Pregnant women receiving prenatal care (%)","SH.STA.ANVC.ZS","","","","","","","","","","","","","","","","","","","","","","","","","","","","","","","","","","","","","","","","","","","","","","","","","","","","","","","","","","","","","","","","","",
"Israel","ISR","Pregnant women receiving prenatal care (%)","SH.STA.ANVC.ZS","","","","","","","","","","","","","","","","","","","","","","","","","","","","","","","","","","","","","","","","","","","","","","","","","","","","","","","","","","","","","","","","","",
"Italy","ITA","Pregnant women receiving prenatal care (%)","SH.STA.ANVC.ZS","","","","","","","","","","","","","","","","","","","","","","","","","","","","","","","","","","","","","","","","","","","","","99","","","","","","","","","","","","","","","","","","","","",
"Jamaica","JAM","Pregnant women receiving prenatal care (%)","SH.STA.ANVC.ZS","","","","","","","","","","","","","","","","","","","","","","","","","","","","","","98","","","","","","","","99","93.8","98.4","66.6","70.1","98.1","","","90.5","","","99","99","","97.7","","","","","","","","","","","","","",
"Jordan","JOR","Pregnant women receiving prenatal care (%)","SH.STA.ANVC.ZS","","","","","","","","","","","","","","","","","","","","","","","","","","","","","","","82.4","","","","","","","95.9","","","","","98.6","","","","","98.8","","","","","99.1","","","","","","97.6","","","","","","",
"Japan","JPN","Pregnant women receiving prenatal care (%)","SH.STA.ANVC.ZS","","","","","","","","","","","","","","","","","","","","","","","","","","","","","","","","","","","","","","","","","","","","","","","","","","","","","","","","","","","","","","","","","",
"Kazakhstan","KAZ","Pregnant women receiving prenatal care (%)","SH.STA.ANVC.ZS","","","","","","","","","","","","","","","","","","","","","","","","","","","","","","","","","","","","92.5","","","","92.4","","","","","","","99.9","","","","","99.2","","","","99.3","","","","","","","","","",
"Kenya","KEN","Pregnant women receiving prenatal care (%)","SH.STA.ANVC.ZS","","","","","","","","","","","","","","","","","","","","","","","","","","","","","","78","","","","94.8","","","","","91.9","","76.2","","","88.1","","","","","","91.5","85.8","","","","95.5","93.7","","","","","92.8","","","","",
"Kyrgyz Republic","KGZ","Pregnant women receiving prenatal care (%)","SH.STA.ANVC.ZS","","","","","","","","","","","","","","","","","","","","","","","","","","","","","","","","","","","","","","97.3","","","","","","","","","96.9","","","","","","97","","98.4","","","","99.8","","","","","","",
"Cambodia","KHM","Pregnant women receiving prenatal care (%)","SH.STA.ANVC.ZS","","","","","","","","","","","","","","","","","","","","","","","","","","","","","","","","","","","","","","","34.3","","37.7","","","","","69.3","69.3","","","","89.1","89.1","","","95.3","","","","","","","","","","",
"Kiribati","KIR","Pregnant women receiving prenatal care (%)","SH.STA.ANVC.ZS","","","","","","","","","","","","","","","","","","","","","","","","","","","","","","","","","","","88","","","","","","","","","","","","","","100","88.4","","","","","","","","","","89.2","","","","","",
"St. Kitts and Nevis","KNA","Pregnant women receiving prenatal care (%)","SH.STA.ANVC.ZS","","","","","","","","","","","","","","","","","","","","","","","","","","","","","","","100","","","","","","","","","","","","","71.3","100","100","","100","","","","","","","","","","","","","","","","","",
"Korea, Rep.","KOR","Pregnant women receiving prenatal care (%)","SH.STA.ANVC.ZS","","","","","","","","","","","","","","","","","","","","","","","","","","","","","","","","","","","","","","","","","","","","","","","","","","","","","","","","","","","","","","","","","",
"Kuwait","KWT","Pregnant women receiving prenatal care (%)","SH.STA.ANVC.ZS","","","","","","","","","","","","","","","","","","","","","","","","","","","","","","","","","","","","","95","","","","","","","","","","","100","","","","","","","","","","","","","","","","","",
"Latin America & Caribbean (excluding high income)","LAC","Pregnant women receiving prenatal care (%)","SH.STA.ANVC.ZS","","","","","","","","","","","","","","","","","","","","","","","","","","","","","","","","","","","","","","","","","","","","","","","","","","","96.4094732099761","","","","","","","","","","","","","","",
"Lao PDR","LAO","Pregnant women receiving prenatal care (%)","SH.STA.ANVC.ZS","","","","","","","","","","","","","","","","","","","","","","","","","","","","","","","","","","","","","","","","","26.5","26.5","","","","28.7","35.1","","","","71","","54.2","","","","","78.4","","","","","","","",
"Lebanon","LBN","Pregnant women receiving prenatal care (%)","SH.STA.ANVC.ZS","","","","","","","","","","","","","","","","","","","","","","","","","","","","","","","","","","","","87","","","","","","","95.6","","95.6","","","","","","","","","","","","","","","","","","","","",
"Liberia","LBR","Pregnant women receiving prenatal care (%)","SH.STA.ANVC.ZS","","","","","","","","","","","","","","","","","","","","","","","","","","","82.6","","","","","","","","","","","","","","84.4","","","","","","","79.3","","95.3","","95.4","","95.9","","","97.9","","","","97.8","","","","",
"Libya","LBY","Pregnant women receiving prenatal care (%)","SH.STA.ANVC.ZS","","","","","","","","","","","","","","","","","","","","","","","","","","","","","","","","","","","","80.8","","","","","","","","","","","","93","","","","","","","","","","","","","","","","","",
"St. Lucia","LCA","Pregnant women receiving prenatal care (%)","SH.STA.ANVC.ZS","","","","","","","","","","","","","","","","","","","","","","","","","","","","","","","100","","","","","","","","","","47.8","","","","99.2","99.2","99.2","99.2","","","","","96.9","","","","","","","","","","","","",
"Latin America & Caribbean","LCN","Pregnant women receiving prenatal care (%)","SH.STA.ANVC.ZS","","","","","","","","","","","","","","","","","","","","","","","","","","","","","","","","","","","","","","","","","","","","","","","","","","","96.4061800983699","","","","","","","","","","","","","","",
"Least developed countries: UN classification","LDC","Pregnant women receiving prenatal care (%)","SH.STA.ANVC.ZS","","","","","","","","","","","","","","","","","","","","","","","","","","","","","","","","","","","","","","","","","56.7258073848249","","","","","","","","","","71.6460825101911","","","","","","","","","82.2421976425174","","","","","",
"Low income","LIC","Pregnant women receiving prenatal care (%)","SH.STA.ANVC.ZS","","","","","","","","","","","","","","","","","","","","","","","","","","","","","","","","","","","","","","","","","66.6208409158881","","","","","","","","","","80.5021852215973","","","","","","","","","82.7208496177333","","","","","",
"Liechtenstein","LIE","Pregnant women receiving prenatal care (%)","SH.STA.ANVC.ZS","","","","","","","","","","","","","","","","","","","","","","","","","","","","","","","","","","","","","","","","","","","","","","","","","","","","","","","","","","","","","","","","","",
"Sri Lanka","LKA","Pregnant women receiving prenatal care (%)","SH.STA.ANVC.ZS","","","","","","","","","","","","","","","","","","","","","","","","","","","","","","","","","","80.2","","","","","","","94.5","","","","","","","99.4","","","","","","","95.5","","98.8","","","","","","","","",
"Lower middle income","LMC","Pregnant women receiving prenatal care (%)","SH.STA.ANVC.ZS","","","","","","","","","","","","","","","","","","","","","","","","","","","","","","","","","","","","","","","","","62.3579647525419","","","","","","","","","","","","","","","","","","","85.132642296421","","","","","",
"Low & middle income","LMY","Pregnant women receiving prenatal care (%)","SH.STA.ANVC.ZS","","","","","","","","","","","","","","","","","","","","","","","","","","","","","","","","","","","","","","","","","70.4062771972619","","","","","","","","","","83.0402477305946","","","","","","","","","88.1846994300415","","","","","",
"Lesotho","LSO","Pregnant women receiving prenatal care (%)","SH.STA.ANVC.ZS","","","","","","","","","","","","","","","","","","","","","","","","","","","","","","","","","","90.6","","87.6","","","","","84.7","","","","90.4","90.4","","","","91.8","","","","","95.2","","","","91.3","","","","","","",
"Late-demographic dividend","LTE","Pregnant women receiving prenatal care (%)","SH.STA.ANVC.ZS","","","","","","","","","","","","","","","","","","","","","","","","","","","","","","","","","","","","","","","","","88.3531437316454","","","","","","","","","","94.51917252228","","","","","","","","","98.5400277886205","","","","","",
"Lithuania","LTU","Pregnant women receiving prenatal care (%)","SH.STA.ANVC.ZS","","","","","","","","","","","","","","","","","","","","","","","","","","","","","","","","","","","","","","","","","","","","","100","","","","","","","","","","","","","","","","","","","","",
"Luxembourg","LUX","Pregnant women receiving prenatal care (%)","SH.STA.ANVC.ZS","","","","","","","","","","","","","","","","","","","","","","","","","","","","","","","","","","","","","","","","","","","","","","","","","","","","","","","","","","","","","","","","","",
"Latvia","LVA","Pregnant women receiving prenatal care (%)","SH.STA.ANVC.ZS","","","","","","","","","","","","","","","","","","","","","","","","","","","","","","","","","","","","","","","","","","","","","91.8","","","","","","","","","","","","","","","","","","","","",
"Macao SAR, China","MAC","Pregnant women receiving prenatal care (%)","SH.STA.ANVC.ZS","","","","","","","","","","","","","","","","","","","","","","","","","","","","","","","","","","","","","","","","","","","","","","","","","","","","","","","","","","","","","","","","","",
"St. Martin (French part)","MAF","Pregnant women receiving prenatal care (%)","SH.STA.ANVC.ZS","","","","","","","","","","","","","","","","","","","","","","","","","","","","","","","","","","","","","","","","","","","","","","","","","","","","","","","","","","","","","","","","","",
"Morocco","MAR","Pregnant women receiving prenatal care (%)","SH.STA.ANVC.ZS","","","","","","","","","","","","","","","","","","","","","","","","","","","","28.5","","","","","37.3","","","44.7","","42","","","","","","","67.8","","","","","","","77.1","","","","","","","88.5","","","","","","",
"Monaco","MCO","Pregnant women receiving prenatal care (%)","SH.STA.ANVC.ZS","","","","","","","","","","","","","","","","","","","","","","","","","","","","","","","","","","","","","","","","","","","","","","","","","","","","","","","","","","","","","","","","","",
"Moldova","MDA","Pregnant women receiving prenatal care (%)","SH.STA.ANVC.ZS","","","","","","","","","","","","","","","","","","","","","","","","","","","","","","","","","","","","","","98.8","","","","","","","","98","","","","","","","98.8","","","","","","","","","","","","",
"Madagascar","MDG","Pregnant women receiving prenatal care (%)","SH.STA.ANVC.ZS","","","","","","","","","","","","","","","","","","","","","","","","","","","","","","","","","78.8","","","","","76.8","","","71.2","","","","79.9","","","","","86.3","","83.1","","82.1","","","87","","85.1","","","88.9","","","",
"Maldives","MDV","Pregnant women receiving prenatal care (%)","SH.STA.ANVC.ZS","","","","","","","","","","","","","","","","","","","","","","","","","","","","","","","","","","","","","","","","","","81","","","95","","","","","99.1","","","","","","","","98.7","","","","","","","",
"Middle East, North Africa, Afghanistan & Pakistan","MEA","Pregnant women receiving prenatal care (%)","SH.STA.ANVC.ZS","","","","","","","","","","","","","","","","","","","","","","","","","","","","","","","","","","","","","","","","","52.9369369518589","","","","","","","","","","70.9757046824061","","","","","","","","","","","","","","",
"Mexico","MEX","Pregnant women receiving prenatal care (%)","SH.STA.ANVC.ZS","","","","","","","","","","","","","","","","","","","","","","","","","","","","75","","","","","","","","86.1","","","","","","","","","","","97.7","","","95.8","","","97.6","","97.2","98.5","","","","","","","","","",
"Marshall Islands","MHL","Pregnant women receiving prenatal care (%)","SH.STA.ANVC.ZS","","","","","","","","","","","","","","","","","","","","","","","","","","","","","","","","","","","","","","","","","","","","","","","","81.2","","","","","","","","","","","","","","","","","",
"Middle income","MIC","Pregnant women receiving prenatal care (%)","SH.STA.ANVC.ZS","","","","","","","","","","","","","","","","","","","","","","","","","","","","","","","","","","","","","","","","","70.9126406740184","","","","","","","","","","83.5442166255931","","","","","","","","","89.1371293849093","","","","","",
"North Macedonia","MKD","Pregnant women receiving prenatal care (%)","SH.STA.ANVC.ZS","","","","","","","","","","","","","","","","","","","","","","","","","","","","","","","","","","","","","","100","","","81","","","","","","98.1","","","","","98.6","","","","","","","","97.3","","","","","",
"Mali","MLI","Pregnant women receiving prenatal care (%)","SH.STA.ANVC.ZS","","","","","","","","","","","","","","","","","","","","","","","","","","","","32.1","","","","","","","","","46.9","","","","","56.8","","","","","70.4","","","","34.7","","","74.2","","42.1","","","79.5","","","","","","",
"Malta","MLT","Pregnant women receiving prenatal care (%)","SH.STA.ANVC.ZS","","","","","","","","","","","","","","","","","","","","","","","","","","","","","","","","","","","","","","","","","","","","","100","","","","","","","","","","","","","","","","","","","","",
"Myanmar","MMR","Pregnant women receiving prenatal care (%)","SH.STA.ANVC.ZS","","","","","","","","","","","","","","","","","","","","","","","","","","","","","","","","","","","","","","75.8","","","","75.6","","","","","","79.8","","","83.1","","","","","","80.7","","","","","","","","",
"Middle East, North Africa, Afghanistan & Pakistan (excluding high income)","MNA","Pregnant women receiving prenatal care (%)","SH.STA.ANVC.ZS","","","","","","","","","","","","","","","","","","","","","","","","","","","","","","","36.5299063473219","","","","","","","","","","52.7109678843978","","","","","","","","","","69.9750854316822","","","","","","","","","","","","","","",
"Montenegro","MNE","Pregnant women receiving prenatal care (%)","SH.STA.ANVC.ZS","","","","","","","","","","","","","","","","","","","","","","","","","","","","","","","","","","","","","","","","","","","","","","","97.4","","","","","","","91.7","","","","","97.2","","","","","","",
"Mongolia","MNG","Pregnant women receiving prenatal care (%)","SH.STA.ANVC.ZS","","","","","","","","","","","","","","","","","","","","","","","","","","","","","","","","","","","","","","","89.8","","96.7","","","98.2","","98.9","","","99.5","","99","","","98.7","98.7","","","","99.1","","","","","","",
"Northern Mariana Islands","MNP","Pregnant women receiving prenatal care (%)","SH.STA.ANVC.ZS","","","","","","","","","","","","","","","","","","","","","","","","","","","","","","","","","","","","","","","","","","","","","","","","","","","","","","","","","","","","","","","","","",
"Mozambique","MOZ","Pregnant women receiving prenatal care (%)","SH.STA.ANVC.ZS","","","","","","","","","","","","","","","","","","","","","","","","","","","","","","","","","","","","","","71.4","","","75.8","","","84.5","","","","","92.3","","","90.6","","","","87.2","","","94","","","","","","",
"Mauritania","MRT","Pregnant women receiving prenatal care (%)","SH.STA.ANVC.ZS","","","","","","","","","","","","","","","","","","","","","","","","","","","","","","","","48","","","","","","","","","","63.9","","","","","","75.4","","","","84.2","","","","86.9","","","","","","85","","","",
"Mauritius","MUS","Pregnant women receiving prenatal care (%)","SH.STA.ANVC.ZS","","","","","","","","","","","","","","","","","","","","","","","","","","","","","","","","","","","","","","","","","","","","","","","","","","","","","","","","","","","","","","","","","",
"Malawi","MWI","Pregnant women receiving prenatal care (%)","SH.STA.ANVC.ZS","","","","","","","","","","","","","","","","","","","","","","","","","","","","","","","","","90.2","","","","","","","","91.4","","94.3","","92.2","92.1","91.9","","","","94.7","","97.7","","96.1","","94.8","97.6","","","96.8","","","","",
"Malaysia","MYS","Pregnant women receiving prenatal care (%)","SH.STA.ANVC.ZS","","","","","","","","","","","","","","","","","","","","","","","","","","","","","","","","","","","","","","","","","","","","73.6","","78.8","","","","90.7","","97.4","96.5","98","97.2","","","","","","","","","","",
"North America","NAC","Pregnant women receiving prenatal care (%)","SH.STA.ANVC.ZS","","","","","","","","","","","","","","","","","","","","","","","","","","","","","","","","","","","","","","","","","","","","","","","","","","","","","","","","","","","","","","","","","",
"Namibia","NAM","Pregnant women receiving prenatal care (%)","SH.STA.ANVC.ZS","","","","","","","","","","","","","","","","","","","","","","","","","","","","","","","","","87.7","","","","","","","","90.6","","","","","","","94.6","","","","","","96.6","","","","","","","","","","","",
"New Caledonia","NCL","Pregnant women receiving prenatal care (%)","SH.STA.ANVC.ZS","","","","","","","","","","","","","","","","","","","","","","","","","","","","","","","","","","","","","","","","","","","","","","","","","","","","","","","","","","","","","","","","","",
"Niger","NER","Pregnant women receiving prenatal care (%)","SH.STA.ANVC.ZS","","","","","","","","","","","","","","","","","","","","","","","","","","","","","","","","","31","","","","","","39.3","","41","","","","","","46.1","","","","","","82.8","","","","","","","","","83.5","","","",
"Nigeria","NGA","Pregnant women receiving prenatal care (%)","SH.STA.ANVC.ZS","","","","","","","","","","","","","","","","","","","","","","","","","","","78.8","","","","57.2","","","","","","","","","63.6","","","","58","","","","","57.7","","54.1","66.2","","60.6","","62.6","","65.8","67","","","","","","",
"Nicaragua","NIC","Pregnant women receiving prenatal care (%)","SH.STA.ANVC.ZS","","","","","","","","","","","","","","","","","","","","","","","","","","","","","","","","","","71.5","","","","","84.9","","","85.5","","","","","","90.2","","","","","94.6","","","","","","","","","","","","",
"Netherlands","NLD","Pregnant women receiving prenatal care (%)","SH.STA.ANVC.ZS","","","","","","","","","","","","","","","","","","","","","","","","","","","","","","","","","","","","","","","","","","","","","","","","","","","","","","","","","","","","","","","","","",
"Norway","NOR","Pregnant women receiving prenatal care (%)","SH.STA.ANVC.ZS","","","","","","","","","","","","","","","","","","","","","","","","","","","","","","","","","","","","","","","","","","","","","","","","","","","","","","","","","","","","","","","","","",
"Nepal","NPL","Pregnant women receiving prenatal care (%)","SH.STA.ANVC.ZS","","","","","","","","","","","","","","","","","","","","","","","","","","","","","","","","15.4","","","","","23.6","","","","27","27.9","","","","","43.7","","","","","58.3","","","68.3","","83.6","83.6","","88.8","","","","","",
"Nauru","NRU","Pregnant women receiving prenatal care (%)","SH.STA.ANVC.ZS","","","","","","","","","","","","","","","","","","","","","","","","","","","","","","","","","","","","","","","","","","","","","","","","94.5","","","","","","","","","","","","","","","","","",
"New Zealand","NZL","Pregnant women receiving prenatal care (%)","SH.STA.ANVC.ZS","","","","","","","","","","","","","","","","","","","","","","","","","","","","","","","","","","","95","","","","","","","","","","","","","","","","","","","","","","","","","","","","","","",
"OECD members","OED","Pregnant women receiving prenatal care (%)","SH.STA.ANVC.ZS","","","","","","","","","","","","","","","","","","","","","","","","","","","","","","","","","","","","","","","","","","","","","","","","","","","","","","","","","","","","","","","","","",
"Oman","OMN","Pregnant women receiving prenatal care (%)","SH.STA.ANVC.ZS","","","","","","","","","","","","","","","","","","","","","","","","","","","","88","","","","","","","","98.2","","","96","96","99.6","","","","","","","","97.8","99","","","99","","98.6","","","","","","","","","","",
"Other small states","OSS","Pregnant women receiving prenatal care (%)","SH.STA.ANVC.ZS","","","","","","","","","","","","","","","","","","","","","","","","","","","","","","","","","","","","","","","","","","","","","","","","","","","","","","","","","","","","","","","","","",
"Pakistan","PAK","Pregnant women receiving prenatal care (%)","SH.STA.ANVC.ZS","","","","","","","","","","","","","","","","","","","","","","","","","","","","","","","","25.7","","","","","","26.4","","24.8","","43.3","","","","36","","60.9","56","","","","","73.1","","","","","86.2","91.2","","","","","",
"Panama","PAN","Pregnant women receiving prenatal care (%)","SH.STA.ANVC.ZS","","","","","","","","","","","","","","","","","","","","","","","","","","","","","","","","","","","","","","","72.2","","","","","","","","","","","95.8","","","","93.4","","99.1","","","","","","","","","",
"Peru","PER","Pregnant women receiving prenatal care (%)","SH.STA.ANVC.ZS","","","","","","","","","","","","","","","","","","","","","","","","","","","59.4","","","","","","70.2","","","","70.7","","","","83.8","","","","91.1","","91","","94.5","94.3","94.7","95.4","96","95.9","96.9","97","97.6","97.5","98.1","98.2","98.1","","","","",
"Philippines","PHL","Pregnant women receiving prenatal care (%)","SH.STA.ANVC.ZS","","","","","","","","","","","","","","","","","","","","","","","","","","","","","","","","","","85.1","","","","","87.7","85.9","85.9","","","87.6","","","","","91.1","","","94.5","","95.4","","","","93.8","","","","","","","",
"Palau","PLW","Pregnant women receiving prenatal care (%)","SH.STA.ANVC.ZS","","","","","","","","","","","","","","","","","","","","","","","","","","","","","","","","","","","","","","","","","","","","","","","","100","100","","90.3","","","","","","","","","","","","","","",
"Papua New Guinea","PNG","Pregnant women receiving prenatal care (%)","SH.STA.ANVC.ZS","","","","","","","","","","","","","","","","","","","","","","","","","","","","","","","","","","","","","76.7","","","","","","","","","","78.8","","","","","","","","","","","","76.1","","","","","","",
"Poland","POL","Pregnant women receiving prenatal care (%)","SH.STA.ANVC.ZS","","","","","","","","","","","","","","","","","","","","","","","","","","","","","","","","","","","","","","","","","","","","","","","","","","","","","","","","","","","","","","","","","",
"Pre-demographic dividend","PRE","Pregnant women receiving prenatal care (%)","SH.STA.ANVC.ZS","","","","","","","","","","","","","","","","","","","","","","","","","","","","","","","","","","","","","","","","","68.9709789219861","","","","","","","","","","74.9785406405765","","","","","","","","","81.3587113157055","","","","","",
"Puerto Rico (US)","PRI","Pregnant women receiving prenatal care (%)","SH.STA.ANVC.ZS","","","","","","","","","","","","","","","","","","","","","","","","","","","","","","","","","","","","","","","","","","","","","","","","","","","","","","","","","","","","","","","","","",
"Korea, Dem. People's Rep.","PRK","Pregnant women receiving prenatal care (%)","SH.STA.ANVC.ZS","","","","","","","","","","","","","","","","","","","","","","","","","","","","","","","","","","","","","","","","","97.1","","","","","","","","","100","","","","","","","","99.5","","","","","","","",
"Portugal","PRT","Pregnant women receiving prenatal care (%)","SH.STA.ANVC.ZS","","","","","","","","","","","","","","","","","","","","","","","","","","","","","","","","","","","","","","","","","","","","","100","","","","","","","","","","","","","","","","","","","","",
"Paraguay","PRY","Pregnant women receiving prenatal care (%)","SH.STA.ANVC.ZS","","","","","","","","","","","","","","","","","","","","","","","","","","","","","","","86.9","","","","","","88.7","","89","","","","","","94.2","","","","96.3","","","","","","","","98.7","","","","","","","","",
"West Bank and Gaza","PSE","Pregnant women receiving prenatal care (%)","SH.STA.ANVC.ZS","","","","","","","","","","","","","","","","","","","","","","","","","","","","","","","","","","","","","","","","","95.6","","","","","","98.8","","","","98","","","","99.4","","","","","","98.7","","","","",
"Pacific island small states","PSS","Pregnant women receiving prenatal care (%)","SH.STA.ANVC.ZS","","","","","","","","","","","","","","","","","","","","","","","","","","","","","","","","","","","","","","","","","","","","","","","","","","","","","","","","","","","","","","","","","",
"Post-demographic dividend","PST","Pregnant women receiving prenatal care (%)","SH.STA.ANVC.ZS","","","","","","","","","","","","","","","","","","","","","","","","","","","","","","","","","","","","","","","","","","","","","","","","","","","","","","","","","","","","","","","","","",
"French Polynesia","PYF","Pregnant women receiving prenatal care (%)","SH.STA.ANVC.ZS","","","","","","","","","","","","","","","","","","","","","","","","","","","","","","","","","","","","","","","","","","","","","","","","","","","","","","","","","","","","","","","","","",
"Qatar","QAT","Pregnant women receiving prenatal care (%)","SH.STA.ANVC.ZS","","","","","","","","","","","","","","","","","","","","","","","","","","","","94","","","","","","","","","","","","","","","","","","","","","","100","","","90.8","","","","","","","","","","","","",
"Romania","ROU","Pregnant women receiving prenatal care (%)","SH.STA.ANVC.ZS","","","","","","","","","","","","","","","","","","","","","","","","","","","","","","","","","","","","","","","","","","","","","73.7","80.2","79.2","84","84.3","82.5","79.5","80.3","73.4","78.2","75.2","75.6","73.6","72.2","70.2","69.9","72.3","","","","",
"Russian Federation","RUS","Pregnant women receiving prenatal care (%)","SH.STA.ANVC.ZS","","","","","","","","","","","","","","","","","","","","","","","","","","","","","","","","","","","","","","","","","","","","","","","","","","","","","","","","","","","","","","","","","",
"Rwanda","RWA","Pregnant women receiving prenatal care (%)","SH.STA.ANVC.ZS","","","","","","","","","","","","","","","","","","","","","","","","","","","","","","","","","94.3","","","","","","","","91.5","","","","","94.4","","","95.8","","98","98","","99.4","","99","","97.6","","","97.7","","","","",
"South Asia","SAS","Pregnant women receiving prenatal care (%)","SH.STA.ANVC.ZS","","","","","","","","","","","","","","","","","","","","","","","","","","","","","","","","","","","","","","","","","58.0502422951396","","","","","","","","","","","","","","","","","","","84.1825123809623","","","","","",
"Saudi Arabia","SAU","Pregnant women receiving prenatal care (%)","SH.STA.ANVC.ZS","","","","","","","","","","","","","","","","","","","","","","","","","","","","","","","","","","","","","90","","","","","","","","","","","","97","","","","","","","","","","","","","","","","",
"Sudan","SDN","Pregnant women receiving prenatal care (%)","SH.STA.ANVC.ZS","","","","","","","","","","","","","","","","","","","","","","","","","","","","","","","71.2","","","","","","","","","","60","","","","","","74.1","","","","74.3","","","","79.1","","","","","","","","","","",
"Senegal","SEN","Pregnant women receiving prenatal care (%)","SH.STA.ANVC.ZS","","","","","","","","","","","","","","","","","","","","","","","","","","","29.7","","","","","","","74.2","","","","83.3","","","79","","","","","87.4","91.4","","","94","","93.3","","94.5","96.2","95","95.9","97.1","97.7","97.6","","","","","",
"Singapore","SGP","Pregnant women receiving prenatal care (%)","SH.STA.ANVC.ZS","","","","","","","","","","","","","","","","","","","","","","","","","","","","","","","","","","","","","","","","","","","","","","","","","","","","","","","","","","","","","","","","","",
"Solomon Islands","SLB","Pregnant women receiving prenatal care (%)","SH.STA.ANVC.ZS","","","","","","","","","","","","","","","","","","","","","","","","","","","","","","","","","","","","","","","","","","","","","","","","73.9","","","","","","","","88.5","","","","","","","","","",
"Sierra Leone","SLE","Pregnant women receiving prenatal care (%)","SH.STA.ANVC.ZS","","","","","","","","","","","","","","","","","","","","","","","","","","","","","","","","","","","","","","","","","67.9","","","","","81.1","","","86.9","","93","","","97.1","","","94.2","97.4","","97.9","","","","","",
"El Salvador","SLV","Pregnant women receiving prenatal care (%)","SH.STA.ANVC.ZS","","","","","","","","","","","","","","","","","","","","","","","","","","","","","","","","","","68.7","","","","","76","","","","","86","","","","","94","","","","","","96","","","","","","","","","","",
"San Marino","SMR","Pregnant women receiving prenatal care (%)","SH.STA.ANVC.ZS","","","","","","","","","","","","","","","","","","","","","","","","","","","","","","","","","","","","","","","","","","","","","","","","","","","","","","","","","","","","","","","","","",
"Somalia","SOM","Pregnant women receiving prenatal care (%)","SH.STA.ANVC.ZS","","","","","","","","","","","","","","","","","","","","","","","","","","","","","","","","","","","","","","","","32.3","32.3","","","","","","26.1","","","","","","","","","","","","","31.1","","","","","",
"Serbia","SRB","Pregnant women receiving prenatal care (%)","SH.STA.ANVC.ZS","","","","","","","","","","","","","","","","","","","","","","","","","","","","","","","","","","","","","","","","","","","","","","","98.2","","","","99","","","","98.3","","","","","99.4","","","","","",
"Sub-Saharan Africa (excluding high income)","SSA","Pregnant women receiving prenatal care (%)","SH.STA.ANVC.ZS","","","","","","","","","","","","","","","","","","","","","","","","","","","","","","","","","","","","","","","","","72.5768093216646","","","","","","","","","","77.5035089726728","","","","","","","","","83.1178707108937","","","","","",
"South Sudan","SSD","Pregnant women receiving prenatal care (%)","SH.STA.ANVC.ZS","","","","","","","","","","","","","","","","","","","","","","","","","","","","","","","","","","","","","","","","","","","","","","","26.2","","","","40.3","","","61.9","","","","","","","","","","","",
"Sub-Saharan Africa","SSF","Pregnant women receiving prenatal care (%)","SH.STA.ANVC.ZS","","","","","","","","","","","","","","","","","","","","","","","","","","","","","","","","","","","","","","","","","67.5666008122702","","","","","","","","","","73.2467202776024","","","","","","","","","82.0989822914735","","","","","",
"Small states","SST","Pregnant women receiving prenatal care (%)","SH.STA.ANVC.ZS","","","","","","","","","","","","","","","","","","","","","","","","","","","","","","","","","","","","","","","","","","","","","","","","","","","","","","","","","","","","","","","","","",
"Sao Tome and Principe","STP","Pregnant women receiving prenatal care (%)","SH.STA.ANVC.ZS","","","","","","","","","","","","","","","","","","","","","","","","","","","","","","","","","","","","","","","","","90.6","","","","","","97.3","","","97.9","","","","","97.5","","","","","98.1","","","","","",
"Suriname","SUR","Pregnant women receiving prenatal care (%)","SH.STA.ANVC.ZS","","","","","","","","","","","","","","","","","","","","","","","","","","","","","","","","","","","","","91","","91","","90.6","","90","","90","","89.9","","","","90.9","","","","","","","","84.8","","","","","","",
"Slovak Republic","SVK","Pregnant women receiving prenatal care (%)","SH.STA.ANVC.ZS","","","","","","","","","","","","","","","","","","","","","","","","","","","","","","","","","","","","","","","","","","","","","96.9","","","","","","","","","","","","","","","","","","","","",
"Slovenia","SVN","Pregnant women receiving prenatal care (%)","SH.STA.ANVC.ZS","","","","","","","","","","","","","","","","","","","","","","","","","","","","","","","","","98","","","","","","","","","","","","99.5","","","","","","","","","","","","","","","","","","","","",
"Sweden","SWE","Pregnant women receiving prenatal care (%)","SH.STA.ANVC.ZS","","","","","","","","","","","","","","","","","","","","","","","","","","","","","","","","","","","","","","","","","","","","","100","","","","","","","","","","","","","","","","","","","","",
"Eswatini","SWZ","Pregnant women receiving prenatal care (%)","SH.STA.ANVC.ZS","","","","","","","","","","","","","","","","","","","","","","","","","","","","","","","","","","","","","","","","","86.6","","89.8","","","","","84.8","","","96.8","","","","98.5","","","","","","","","","","",
"Sint Maarten (Dutch part)","SXM","Pregnant women receiving prenatal care (%)","SH.STA.ANVC.ZS","","","","","","","","","","","","","","","","","","","","","","","","","","","","","","","","","","","","","","","","","","","","","","","","","","","","","","","","","","","","","","","","","",
"Seychelles","SYC","Pregnant women receiving prenatal care (%)","SH.STA.ANVC.ZS","","","","","","","","","","","","","","","","","","","","","","","","","","","","","","","","","","","","","","","","","","","","","","","","","","","","","","","","","","","","","","","","","",
"Syrian Arab Republic","SYR","Pregnant women receiving prenatal care (%)","SH.STA.ANVC.ZS","","","","","","","","","","","","","","","","","","","","","","","","","","","","","","","","","","51","","","","","","","71.2","","","","","","84","","","87.7","","","","","","","","","","","","","","","",
"Turks and Caicos Islands","TCA","Pregnant women receiving prenatal care (%)","SH.STA.ANVC.ZS","","","","","","","","","","","","","","","","","","","","","","","","","","","","","","","","","","","","","","","100","100","","","","","100","","100","","","","","","","","","","","","","","97.3","","","","",
"Chad","TCD","Pregnant women receiving prenatal care (%)","SH.STA.ANVC.ZS","","","","","","","","","","","","","","","","","","","","","","","","","","","","","","","","","","","","","","24","","","41.6","","","","38.9","","","","","","53.2","","","","","54.7","","","","","","","","","",
"East Asia & Pacific (IDA & IBRD countries)","TEA","Pregnant women receiving prenatal care (%)","SH.STA.ANVC.ZS","","","","","","","","","","","","","","","","","","","","","","","","","","","","","","","70.6524917404783","","","","","","","","","","86.4102695649085","","","","","","","","","","93.5295223835835","","","","","","","","","97.4412256760604","","","","","",
"Europe & Central Asia (IDA & IBRD countries)","TEC","Pregnant women receiving prenatal care (%)","SH.STA.ANVC.ZS","","","","","","","","","","","","","","","","","","","","","","","","","","","","","","","","","","","","","","","","","","","","","","","","","","","","","","","","","","","","","","","","","",
"Togo","TGO","Pregnant women receiving prenatal care (%)","SH.STA.ANVC.ZS","","","","","","","","","","","","","","","","","","","","","","","","","","","","","66.2","","","","","","","","","","82","","72.9","","","84.8","","","84.1","","","","71.6","","","","72.7","","","77.9","","","","","","","",
"Thailand","THA","Pregnant women receiving prenatal care (%)","SH.STA.ANVC.ZS","","","","","","","","","","","","","","","","","","","","","","","","","","","","80.4","","","","","","","","","85.9","","","","91.8","","","","94.3","","97.8","","","99.1","","","98.1","98.1","","","98.1","","","98.6","","","","","",
"Tajikistan","TJK","Pregnant women receiving prenatal care (%)","SH.STA.ANVC.ZS","","","","","","","","","","","","","","","","","","","","","","","","","","","","","","","","","","","","","","","","","71.3","","","","","77.1","","88.8","","","","","78.8","","","","","91.8","","","","","","","",
"Turkmenistan","TKM","Pregnant women receiving prenatal care (%)","SH.STA.ANVC.ZS","","","","","","","","","","","","","","","","","","","","","","","","","","","","","","","","","","","","","","","","","98.1","","","","","","99.1","","","","","","","","","","99.6","","","100","","","","","",
"Latin America & the Caribbean (IDA & IBRD countries)","TLA","Pregnant women receiving prenatal care (%)","SH.STA.ANVC.ZS","","","","","","","","","","","","","","","","","","","","","","","","","","","","","","","","","","","","","","","","","","","","","","","","","","","96.3555934296368","","","","","","","","","","","","","","",
"Timor-Leste","TLS","Pregnant women receiving prenatal care (%)","SH.STA.ANVC.ZS","","","","","","","","","","","","","","","","","","","","","","","","","","","","","","","","","","","","","","70.9","","","","","42.5","60.5","","","","","","","84.4","","","","","","84.4","","","","","","","","",
"Middle East, North Africa, Afghanistan & Pakistan (IDA & IBRD)","TMN","Pregnant women receiving prenatal care (%)","SH.STA.ANVC.ZS","","","","","","","","","","","","","","","","","","","","","","","","","","","","","","","36.5299063473219","","","","","","","","","","52.2424365491459","","","","","","","","","","69.7224203135477","","","","","","","","","","","","","","",
"Tonga","TON","Pregnant women receiving prenatal care (%)","SH.STA.ANVC.ZS","","","","","","","","","","","","","","","","","","","","","","","","","","","","","","","","","","","","","","","","","","","","","","","","","99","","97.9","","99","","","","","","","97.7","","","","","",
"South Asia (IDA & IBRD)","TSA","Pregnant women receiving prenatal care (%)","SH.STA.ANVC.ZS","","","","","","","","","","","","","","","","","","","","","","","","","","","","","","","","","","","","","","","","","58.0502422951396","","","","","","","","","","","","","","","","","","","84.1825123809623","","","","","",
"Sub-Saharan Africa (IDA & IBRD countries)","TSS","Pregnant women receiving prenatal care (%)","SH.STA.ANVC.ZS","","","","","","","","","","","","","","","","","","","","","","","","","","","","","","","","","","","","","","","","","67.5666008122702","","","","","","","","","","73.2467202776024","","","","","","","","","82.0989822914735","","","","","",
"Trinidad and Tobago","TTO","Pregnant women receiving prenatal care (%)","SH.STA.ANVC.ZS","","","","","","","","","","","","","","","","","","","","","","","","","","","","98","","","","","","","","","","","","","92.4","","95.8","","","","95.7","","","","","95.1","","","","","","","","","","","","","",
"Tunisia","TUN","Pregnant women receiving prenatal care (%)","SH.STA.ANVC.ZS","","","","","","","","","","","","","","","","","","","","","","","","","","","","","62.1","","","","","","","79","","","","","91.5","","","","","","96","","","","","","98.1","","","","","","95.3","","","","","","",
"Turkiye","TUR","Pregnant women receiving prenatal care (%)","SH.STA.ANVC.ZS","","","","","","","","","","","","","","","","","","","","","","","","","","","","","","","","","","67","","","","","71.8","","","","","80.9","80.9","","","89.3","92","95","","","","97","97","","","","96.4","","","","","","",
"Tuvalu","TUV","Pregnant women receiving prenatal care (%)","SH.STA.ANVC.ZS","","","","","","","","","","","","","","","","","","","","","","","","","","","","","","","","","","","","","","","","","","","","","","","","97.4","","","","","","","","","","","","","93.9","","","","",
"Tanzania","TZA","Pregnant women receiving prenatal care (%)","SH.STA.ANVC.ZS","","","","","","","","","","","","","","","","","","","","","","","","","","","","","","","","","90.9","","","","89.9","","","92.5","","","","","","78.2","","","75.8","","87.8","","96.5","","","","98","98","","","","","","","",
"Uganda","UGA","Pregnant women receiving prenatal care (%)","SH.STA.ANVC.ZS","","","","","","","","","","","","","","","","","","","","","","","","","","","","","","87.7","","","","","","91.2","","","","","","92.4","","","","","93.5","","","94.2","","93.3","","","","95.4","97.3","","95.1","95.1","","","","","",
"Ukraine","UKR","Pregnant women receiving prenatal care (%)","SH.STA.ANVC.ZS","","","","","","","","","","","","","","","","","","","","","","","","","","","","","","","","","","","","","","","","","","","","","","98.8","","98.5","","","","","98.6","","","","","","","","","","","","",
"Upper middle income","UMC","Pregnant women receiving prenatal care (%)","SH.STA.ANVC.ZS","","","","","","","","","","","","","","","","","","","","","","","","","","","","","","","71.0236579289419","","","","","","","","","","87.7808081042796","","","","","","","","","","94.5139738550355","","","","","","","","","97.9295386561298","","","","","",
"Uruguay","URY","Pregnant women receiving prenatal care (%)","SH.STA.ANVC.ZS","","","","","","","","","","","","","","","","","","","","","","","","","","","","","","","","","","","","","","94","","","","","","","","97.1","","96.2","","","","","","97.2","","","","","","","","","","","",
"United States","USA","Pregnant women receiving prenatal care (%)","SH.STA.ANVC.ZS","","","","","","","","","","","","","","","","","","","","","","","","","","","","","","","","","","","","","","","","","","","","","","","","","","","","","","","","","","","","","","","","","",
"Uzbekistan","UZB","Pregnant women receiving prenatal care (%)","SH.STA.ANVC.ZS","","","","","","","","","","","","","","","","","","","","","","","","","","","","","","","","","","","","","94.9","","","","97.2","","","","","","99","","","","96.6","99.1","99.8","99.8","99.8","99.4","","","","","","","","","",
"St. Vincent and the Grenadines","VCT","Pregnant women receiving prenatal care (%)","SH.STA.ANVC.ZS","","","","","","","","","","","","","","","","","","","","","","","","","","","","","","","","","","","","","","","","91.8","99","","","","","95","","","99.5","","","","","","","","","","","","","","","","",
"Venezuela, RB","VEN","Pregnant women receiving prenatal care (%)","SH.STA.ANVC.ZS","","","","","","","","","","","","","","","","","","","","","","","","","","","","","","","","","","","","","","","","","94.1","","","","","","","","","","","","","97.5","","","","","","","","","","","",
"British Virgin Islands","VGB","Pregnant women receiving prenatal care (%)","SH.STA.ANVC.ZS","","","","","","","","","","","","","","","","","","","","","","","","","","","","","","","100","","","","","","","","","","","","","","","99","","","","","","","","","","","","","","","","","","","",
"Virgin Islands (U.S.)","VIR","Pregnant women receiving prenatal care (%)","SH.STA.ANVC.ZS","","","","","","","","","","","","","","","","","","","","","","","","","","","","","","","","","","","","","","","","","","","","","","","","","","","","","","","","","","","","","","","","","",
"Viet Nam","VNM","Pregnant women receiving prenatal care (%)","SH.STA.ANVC.ZS","","","","","","","","","","","","","","","","","","","","","","","","","","","","","","","","","","","","","","70.6","","","68.3","","86.4","","","","90.8","","","","","93.7","","","95.8","","","","","","","97","","","",
"Vanuatu","VUT","Pregnant women receiving prenatal care (%)","SH.STA.ANVC.ZS","","","","","","","","","","","","","","","","","","","","","","","","","","","","","","","","","","","","","","","","","","","","","","","","84.3","","","","","","75.6","","","","","","","","","","","",
"World","WLD","Pregnant women receiving prenatal care (%)","SH.STA.ANVC.ZS","","","","","","","","","","","","","","","","","","","","","","","","","","","","","","","","","","","","","","","","","69.342037570041","","","","","","","","","","","","","","","","","","","87.6315979655988","","","","","",
"Samoa","WSM","Pregnant women receiving prenatal care (%)","SH.STA.ANVC.ZS","","","","","","","","","","","","","","","","","","","","","","","","","","","","","","","","","","","","","","","","","","","","","","","","","","93","","","","","93.3","","","","","","94.1","","","","",
"Kosovo","XKX","Pregnant women receiving prenatal care (%)","SH.STA.ANVC.ZS","","","","","","","","","","","","","","","","","","","","","","","","","","","","","","","","","","","","","","","","","","","","","","","","","","","","","","","97.8","","","","","","99.7","","","","",
"Yemen, Rep.","YEM","Pregnant women receiving prenatal care (%)","SH.STA.ANVC.ZS","","","","","","","","","","","","","","","","","","","","","","","","","","","","","","","","","29.6","","","","","36.7","","","","","","41.4","","","47","","","","","","","59.8","","","","","","","","","","","",
"South Africa","ZAF","Pregnant women receiving prenatal care (%)","SH.STA.ANVC.ZS","","","","","","","","","","","","","","","","","","","","","","","","","","","","","","","","","","","","89","","","95","","","","","91.9","91.9","","","","97.1","","","","","","","","93.7","","","","","","","","",
"Zambia","ZMB","Pregnant women receiving prenatal care (%)","SH.STA.ANVC.ZS","","","","","","","","","","","","","","","","","","","","","","","","","","","","","","","","","88.5","","","","92.3","95.6","","83.1","","","93.4","","","","","93.7","","","","","","","95.7","","","","96.9","96.9","","","","","",
"Zimbabwe","ZWE","Pregnant women receiving prenatal care (%)","SH.STA.ANVC.ZS","","","","","","","","","","","","","","","","","","","","","","","","","","","","","92.3","","","","","","93.1","","","88.1","","93.1","","","","","","","94.2","","","88.4","","89.8","","","93.7","93.3","","","","93.3","","","","","",
